V001,https://drive.google.com/file/d/1ttJ10jpjbIrgNj7kbf_fsQqPDuZYt-AR/view?usp=sharing
V002,https://drive.google.com/file/d/1A3TTkXSnK7xDtSwbMgbLmT1n1Qb9vrx5/view?usp=sharing
V003,https://drive.google.com/file/d/10YgHtMVRD_-lmj2PUrnRwXx3Q7OESYYh/view?usp=sharing
V004,https://drive.google.com/file/d/1-hy_vt8O77YODVlY7s8KQxuX4E0q5UGr/view?usp=sharing
V005,https://drive.google.com/file/d/1MVsdDOe1T7HZT4nNa5MjRSdyr2jnhdxD/view?usp=sharing
V006,https://drive.google.com/file/d/1DVPACnC6z4rA_rhwxrmIt7iOYdO5mcIg/view?usp=sharing
V007,https://drive.google.com/file/d/1GSbIaR4Hge2as1MkHDvjiiH7oC2MrMVm/view?usp=sharing
V008,https://drive.google.com/file/d/1ePtgEJDvN4KkjvXUpWUrZhpXXYQoLF5o/view?usp=sharing
V009,https://drive.google.com/file/d/19POuLUazSdSWMMA-mBYCVjhZeVr1GErf/view?usp=sharing
V010,https://drive.google.com/file/d/1ZGdxgJkFR39I6wxef7SjlFZ3tjnRiYGb/view?usp=sharing
V011,https://drive.google.com/file/d/14NXSnrnoTixdpb46lll4yp6cATtnGLhi/view?usp=sharing
V012,https://drive.google.com/file/d/1gXoKIHNLq-qEXW9Oe8BvHvORxsikeE8v/view?usp=sharing
V013,https://drive.google.com/file/d/1-mfm08ghT3UzJwkmuGvw0YiiRjW0A5RW/view?usp=sharing
V014,https://drive.google.com/file/d/1VWhYF-HHOd6We2yldyJfiu-jOb0phXds/view?usp=sharing
V015,https://drive.google.com/file/d/1Wiv9HOkj5d7fk03Tbykch9o7KKZIgDNV/view?usp=sharing
V016,https://drive.google.com/file/d/1ikAEFEkQNjfx5thZQhLvUYepUM1RO2MC/view?usp=sharing
V017,https://drive.google.com/file/d/1a0nAoEpIUA3ZwbJ7gEWSwKAFV2KpEY_B/view?usp=sharing
V018,https://drive.google.com/file/d/1CMwoz3xpd84RECQW77TYsSv42FbkITzv/view?usp=sharing
V019,https://drive.google.com/file/d/1iW-AeL1AFe70uu7_GzxGeib9admHdIaa/view?usp=sharing
V020,https://drive.google.com/file/d/1o8p1tw0UNlDT1GY0MLUvYIDVFrNNq9H5/view?usp=sharing